transaction_id,amount_usd,merchant_category,card_type,auth_method,channel,device_type,is_foreign_transaction,hours_since_last_txn,txn_count_last_24h,distance_from_home_km,card_age_months,customer_age,account_balance_usd,is_new_merchant,used_vpn,ip_country_mismatch,billing_shipping_mismatch,cvv_retry_count,velocity_score,time_of_day_hour,day_of_week,is_ai_generated_scam_attempt,merchant_risk_score,prior_disputes,is_fraud
10651,25.68,Online Retail,RuPay,OTP,Online,Mac,False,4.54,3,23.62,36,60,6741.65,False,False,False,False,0,17.9,1,2,True,29.0,0,0
2042,161.48,Travel,Visa,No Authentication,Online,Windows PC,False,8.38,5,4.89,48,81,1914.68,False,False,False,False,0,19.8,10,6,False,28.1,0,0
8669,46.46,Streaming,RuPay,PIN,POS,Smart Watch,False,27.97,1,11.71,36,79,66252.53,False,False,True,False,0,0.4,23,2,False,23.5,1,0
1115,40.74,Online Retail,Mastercard,3D Secure,Contactless,iPhone,False,2.81,4,3.26,47,77,4357.41,False,False,False,False,0,34.8,14,2,False,49.6,1,0
13903,12.16,Fuel,Amex,3D Secure,Contactless,ATM Machine,False,1.09,5,2.73,52,59,6699.26,False,False,False,False,0,30.7,0,4,False,27.9,1,0
11964,128.33,Restaurants,Mastercard,3D Secure,ATM,Android Phone,True,25.8,1,19.07,49,40,704.17,False,False,False,False,1,2.9,2,2,False,28.5,0,0
11073,10.66,Streaming,Mastercard,OTP,POS,ATM Machine,False,25.44,0,31.07,53,74,2314.35,False,False,False,False,0,16.5,8,1,False,40.6,0,0
3003,450.81,Electronics,Visa,Biometric,POS,iPhone,False,6.32,5,34.28,52,76,1284.33,False,False,False,False,0,32.9,3,5,False,39.6,0,0
19772,31.42,Restaurants,Mastercard,3D Secure,Online,POS Terminal,False,11.58,1,65.75,41,59,1881.59,True,False,False,False,0,6.7,5,3,False,25.6,0,0
8116,233.47,Healthcare,RuPay,No Authentication,Online,Android Phone,True,8.91,5,14.72,46,23,2733.89,True,True,False,False,0,19.5,21,3,False,34.0,1,1
3526,5.68,Restaurants,Mastercard,PIN,In-App,iPhone,False,7.96,5,26.58,50,23,4010.03,False,False,False,False,0,29.4,6,0,False,43.6,0,0
7880,129.61,Online Retail,Mastercard,No Authentication,In-App,Android Phone,False,3.34,2,14.46,56,54,8939.43,False,False,False,False,0,13.9,0,6,False,21.7,0,0
16442,24.07,Gaming,Visa,OTP,POS,Android Phone,False,2.46,4,51.7,40,38,3597.14,False,True,False,False,0,23.7,10,1,False,63.6,0,0
16297,196.28,Travel,RuPay,Biometric,In-App,POS Terminal,False,13.83,6,37.51,55,23,2824.15,False,False,False,False,0,31.8,7,0,False,9.0,0,0
12567,113.34,Groceries,Mastercard,3D Secure,Online,iPhone,False,7.57,1,52.49,42,49,4547.29,True,False,False,False,1,8.6,5,5,False,48.7,1,0
5253,22.63,Online Retail,RuPay,OTP,Contactless,Windows PC,False,17.04,4,56.57,48,61,4422.53,False,False,False,False,0,22.7,12,0,False,40.7,1,0
19394,252.18,Online Retail,RuPay,Biometric,Online,Android Phone,False,6.47,3,22.6,56,19,355.73,True,False,False,False,0,10.4,13,1,False,44.8,0,0
16797,28.37,Fuel,Visa,PIN,Online,Windows PC,False,4.44,1,14.28,42,32,5923.02,False,False,False,False,1,31.7,10,6,False,43.4,0,0
8095,105.4,Online Retail,Visa,OTP,POS,iPhone,True,4.82,3,16.97,43,78,3972.84,False,False,True,False,0,23.3,10,2,False,36.6,1,0
323,185.41,Gaming,Visa,PIN,ATM,Android Phone,False,3.54,7,44.12,49,69,358.91,True,False,False,False,2,32.9,13,1,False,67.7,0,0
9924,6.23,Online Retail,Mastercard,No Authentication,Online,Windows PC,False,4.9,0,3.77,52,75,7090.45,True,False,False,False,0,1.0,7,0,False,43.2,0,0
7460,691.42,Electronics,Visa,Biometric,In-App,Tablet,False,3.19,2,0.14,62,52,363.22,False,False,False,False,0,10.3,15,2,False,42.3,0,0
19025,49.57,Fuel,RuPay,3D Secure,POS,Android Phone,False,4.22,3,35.05,34,45,1117.13,False,False,False,False,0,4.6,19,0,False,5.3,2,0
17554,265.49,Crypto Exchange,Amex,OTP,Contactless,Android Phone,False,6.1,2,15.67,53,59,1141.62,False,False,False,False,0,0.0,20,2,False,49.4,0,0
9120,226.38,Online Retail,Visa,OTP,In-App,Android Phone,False,6.82,3,31.53,56,76,1766.24,False,False,False,False,0,23.1,6,1,False,20.5,0,0
16422,14.68,Groceries,Visa,Biometric,Online,Tablet,False,5.89,3,15.0,28,57,1057.32,False,False,False,False,0,14.5,20,4,False,38.6,0,0
16061,63.33,Restaurants,Mastercard,Biometric,POS,iPhone,False,0.47,3,2.38,47,37,2986.67,False,False,False,False,0,33.4,8,0,False,41.2,1,0
10121,79.66,Travel,RuPay,PIN,In-App,ATM Machine,False,2.21,4,1.83,39,57,3626.82,False,False,False,False,0,23.3,11,5,False,37.9,0,0
19056,231.54,Restaurants,RuPay,PIN,Contactless,Windows PC,False,4.41,2,24.42,48,27,1098.12,False,False,False,False,0,19.0,1,3,False,17.0,0,0
3650,75.34,Utilities,RuPay,3D Secure,Online,POS Terminal,False,16.17,2,3.02,40,40,2191.7,False,False,False,False,0,17.9,6,4,False,22.6,1,0
3942,39.77,Groceries,Mastercard,PIN,Online,iPhone,False,9.22,1,25.55,42,53,1864.02,False,False,False,False,1,2.5,1,4,False,30.2,1,0
17881,17.09,Groceries,Visa,3D Secure,POS,iPhone,False,6.48,3,1.36,45,31,1237.02,False,False,False,False,0,8.0,10,1,False,24.4,1,0
16676,13.37,Fuel,Mastercard,Biometric,POS,Android Phone,False,1.62,7,8.67,51,67,2035.95,False,False,True,False,0,30.0,2,2,False,42.7,0,0
12631,490.91,Online Retail,Mastercard,PIN,ATM,Android Phone,False,9.7,5,3.12,47,64,1294.43,False,False,False,False,0,17.1,8,2,False,36.5,0,0
11444,59.19,Restaurants,Visa,OTP,Online,Tablet,False,9.08,1,2.4,61,43,2277.39,False,False,False,False,0,5.6,6,5,False,26.7,0,0
12158,881.26,Travel,RuPay,3D Secure,In-App,iPhone,False,8.54,4,0.54,46,62,9704.0,True,False,False,False,0,17.7,15,1,False,21.7,1,0
13836,38.65,Restaurants,Visa,PIN,Online,Tablet,False,11.79,3,25.14,46,38,1150.26,False,False,False,False,0,11.7,23,5,False,44.1,1,0
3435,12.25,Online Retail,RuPay,OTP,Online,Android Phone,False,1.39,3,14.63,46,27,1494.03,False,False,False,False,0,32.8,3,4,False,32.3,0,0
18740,492.42,Travel,Visa,Biometric,In-App,iPhone,False,3.44,0,20.08,37,72,250.43,True,False,False,False,0,6.0,20,6,False,57.2,1,0
17408,335.73,Healthcare,RuPay,PIN,ATM,Windows PC,False,7.09,6,9.9,59,75,2860.13,False,False,False,False,0,19.3,14,6,False,36.8,0,0
15441,5.84,Streaming,Visa,Biometric,Online,Android Phone,False,9.31,7,40.56,47,24,13683.71,False,False,False,False,0,24.8,10,3,False,26.1,1,0
10407,52.3,Electronics,Mastercard,3D Secure,Online,Mac,False,2.86,3,2.33,49,40,2147.07,False,True,False,False,1,25.0,3,6,False,54.8,0,0
6518,14.85,Utilities,Visa,No Authentication,POS,Android Phone,False,0.88,2,8.12,46,21,1258.25,False,False,False,False,0,39.0,1,3,False,39.2,0,0
972,15.85,Fuel,Amex,No Authentication,Contactless,Android Phone,False,9.7,2,65.37,43,65,1991.81,False,False,False,False,0,2.5,13,1,False,21.3,0,0
16488,453.17,Travel,Visa,PIN,Online,Android Phone,True,5.09,1,15.9,37,63,4522.26,False,False,False,False,2,2.9,4,1,False,30.1,2,0
19731,96.22,Gaming,Visa,PIN,ATM,Android Phone,False,25.39,2,32.33,59,24,1906.28,False,True,False,False,0,15.1,9,0,False,50.6,1,0
13138,11.18,Fuel,Visa,Biometric,Online,iPhone,False,8.27,1,43.07,47,51,274.01,False,False,False,False,0,0.0,9,2,False,21.8,0,0
3670,32.59,Utilities,Mastercard,No Authentication,Online,Android Phone,False,1.78,4,76.72,40,80,1390.96,False,False,False,False,0,23.5,3,1,False,48.2,0,0
15984,2085.21,Travel,Amex,PIN,POS,Tablet,False,9.12,4,16.62,48,36,2772.67,False,False,False,False,1,2.0,10,0,False,29.8,0,0
4059,21.28,Fuel,Visa,3D Secure,POS,ATM Machine,False,1.97,0,35.96,49,78,1201.78,False,False,False,False,0,14.1,8,0,False,22.9,0,0
14977,26.43,Gaming,Amex,3D Secure,In-App,Tablet,False,0.5,4,40.59,49,80,4923.24,True,False,False,False,0,37.4,7,1,False,55.1,0,0
15699,24.56,Fuel,Discover,3D Secure,In-App,Windows PC,False,16.9,1,2.77,53,66,3684.61,False,False,False,False,0,2.4,5,5,False,26.4,0,0
13830,21.35,Travel,Visa,No Authentication,Online,POS Terminal,False,16.46,3,8.58,38,78,527.5,False,False,False,True,0,30.9,18,3,False,35.7,0,0
13420,71.13,Groceries,Mastercard,OTP,ATM,Windows PC,True,5.99,2,2.72,47,22,1580.08,False,False,True,False,0,13.3,18,1,False,13.7,0,0
961,16.99,Groceries,Amex,OTP,Online,Android Phone,False,8.73,4,17.87,49,39,2905.22,True,True,False,False,2,22.9,15,2,False,34.8,1,0
17745,28.36,Streaming,Visa,3D Secure,Contactless,POS Terminal,False,0.8,3,33.09,43,40,3956.75,False,False,False,False,0,29.3,7,3,False,23.0,0,0
9865,91.75,Groceries,Mastercard,3D Secure,POS,Tablet,False,13.72,3,44.8,46,50,6506.74,False,False,False,False,0,14.5,15,5,False,30.4,0,0
11264,202.95,Groceries,Amex,PIN,Contactless,Tablet,False,5.76,3,8.91,41,39,387.76,False,False,False,False,0,0.0,19,3,False,32.4,1,0
15783,71.93,Groceries,Mastercard,OTP,Online,Windows PC,False,8.38,4,23.79,49,69,1694.13,True,False,False,True,0,9.1,22,6,False,23.3,0,0
17197,1376.26,Crypto Exchange,Discover,PIN,POS,POS Terminal,False,1.26,9,23.18,41,68,5761.02,True,True,False,False,0,50.0,15,5,False,88.5,0,0
7555,35.07,Fuel,Visa,3D Secure,Contactless,Windows PC,True,6.75,5,38.18,34,70,974.14,False,False,False,False,0,28.0,23,4,False,31.2,0,0
10499,8.82,Gaming,Discover,3D Secure,POS,POS Terminal,False,25.39,2,1.61,42,21,909.25,False,False,False,False,0,4.1,5,2,False,78.9,0,0
17060,35.2,Groceries,Mastercard,OTP,In-App,ATM Machine,False,2.35,1,39.04,44,59,899.81,False,False,False,False,0,12.3,12,6,False,22.8,0,0
17929,233.77,Travel,Visa,Biometric,Online,POS Terminal,True,22.74,5,19.22,54,67,2796.85,False,False,False,False,0,12.6,5,1,False,26.1,1,0
7086,12.25,Utilities,Mastercard,PIN,Contactless,iPhone,False,22.42,5,53.98,49,57,275.38,False,False,False,False,0,24.5,16,3,False,28.8,0,0
14754,13.45,Online Retail,Mastercard,OTP,POS,POS Terminal,False,11.35,5,20.99,42,56,1550.32,True,False,False,False,0,23.5,20,6,False,14.3,1,0
4520,239.32,Electronics,Visa,OTP,Online,Mac,False,25.49,5,2.73,46,68,1029.84,False,False,False,False,0,24.0,11,0,False,38.0,0,0
3025,62.63,Restaurants,Visa,No Authentication,POS,iPhone,False,12.92,2,47.93,52,40,3162.67,False,True,False,False,0,19.2,23,5,False,32.5,1,0
12122,83.04,Online Retail,Mastercard,OTP,Online,Android Phone,False,4.52,3,12.93,38,43,2525.68,False,False,False,False,0,12.0,19,1,False,15.0,0,0
18495,11.19,Streaming,RuPay,3D Secure,Online,Mac,False,0.22,5,16.25,49,50,1082.74,True,False,False,False,0,52.7,8,6,False,56.4,0,0
5484,30.03,Groceries,Amex,3D Secure,POS,Android Phone,False,9.19,4,13.79,50,36,610.7,False,False,False,False,1,12.8,3,6,False,45.4,0,0
1420,20.02,Groceries,Visa,3D Secure,In-App,Mac,False,9.64,5,20.81,54,37,1772.39,False,True,False,False,0,32.3,20,3,False,37.1,0,0
6210,33.1,Gaming,Visa,Biometric,POS,Android Phone,False,5.65,2,31.57,55,25,5186.91,False,False,False,False,0,22.4,23,2,False,77.0,0,0
10743,19.1,Groceries,Visa,PIN,Online,POS Terminal,False,4.88,2,36.79,42,53,1682.8,False,False,False,False,0,8.5,9,3,False,26.2,0,0
16144,104.64,Electronics,Visa,OTP,Online,POS Terminal,False,6.87,4,18.08,41,23,4301.93,True,False,False,False,0,16.8,6,3,False,56.2,1,0
17618,490.46,Electronics,Visa,3D Secure,Online,Smart Watch,False,0.99,2,11.02,42,62,12628.34,False,False,False,False,1,11.8,3,4,False,50.9,1,0
14569,88.27,Groceries,Mastercard,No Authentication,POS,POS Terminal,False,15.76,2,30.39,45,60,2103.75,True,False,False,False,0,13.4,16,0,False,15.3,0,0
981,14.18,Streaming,RuPay,OTP,POS,Android Phone,False,0.76,4,3.0,48,50,8170.23,False,False,False,False,0,40.7,11,3,False,32.5,0,0
2784,61.19,Utilities,RuPay,OTP,In-App,Tablet,True,2.05,4,51.89,45,59,274.18,True,True,False,False,1,12.2,23,4,False,24.8,0,0
7714,42.46,Gaming,RuPay,PIN,Contactless,Android Phone,False,2.87,5,9.49,39,79,9853.98,False,False,False,False,0,17.4,21,0,False,71.1,1,0
11519,11.41,Fuel,Mastercard,PIN,Online,Mac,False,10.73,5,9.98,47,75,746.17,False,False,False,False,0,20.3,1,5,False,43.3,0,0
8601,157.03,Electronics,Visa,OTP,Online,Windows PC,False,1.2,2,34.73,54,79,2857.74,True,False,False,False,0,7.4,22,5,False,29.2,0,0
11641,28.04,Gaming,Mastercard,OTP,POS,Android Phone,False,0.88,3,37.18,41,34,1921.02,False,False,False,False,0,31.4,21,1,False,46.3,0,0
18831,144.09,Gaming,Mastercard,3D Secure,Online,Windows PC,False,2.27,5,94.46,33,29,4589.24,False,False,False,False,0,32.5,9,4,False,70.0,0,0
12563,118.41,Online Retail,Visa,OTP,Contactless,iPhone,False,0.8,2,124.49,44,38,4788.66,False,False,False,False,0,13.3,3,5,False,17.1,0,0
12752,124.62,Gaming,Visa,OTP,Contactless,Smart Watch,True,3.48,5,22.78,57,34,2430.83,True,False,False,False,0,34.5,10,6,False,52.6,0,0
6385,178.32,Groceries,Visa,Biometric,ATM,Android Phone,False,15.93,3,14.36,47,28,825.78,False,False,False,False,0,14.5,23,6,False,19.6,0,0
4808,312.87,Online Retail,Discover,OTP,Online,POS Terminal,False,12.13,3,81.58,37,37,894.3,False,False,False,False,0,21.2,20,6,False,46.5,0,0
6196,10.31,Groceries,Mastercard,3D Secure,Online,Android Phone,False,11.09,5,19.46,44,67,2390.98,False,False,False,False,0,29.3,12,2,False,12.7,0,0
10649,180.05,Online Retail,Visa,PIN,POS,Android Phone,False,1.38,5,19.45,49,18,690.94,True,True,False,False,0,35.5,12,2,False,23.4,0,0
7568,13.79,Groceries,Mastercard,OTP,POS,ATM Machine,False,3.95,3,7.34,54,43,4651.49,False,False,False,False,0,9.7,9,1,False,52.1,0,0
16398,105.53,Travel,Mastercard,OTP,ATM,Tablet,False,15.42,4,4.8,43,59,1698.98,True,False,False,False,2,25.6,5,6,False,33.2,0,0
17525,52.21,Utilities,Visa,OTP,POS,Android Phone,False,14.62,2,14.9,31,57,241.72,False,False,False,False,0,12.5,6,4,False,36.1,0,0
1347,442.83,Gaming,Mastercard,3D Secure,In-App,Android Phone,False,35.7,4,33.34,40,52,9384.88,False,False,False,False,1,14.5,1,3,False,60.4,0,0
13125,146.02,Streaming,Mastercard,PIN,Contactless,Android Phone,False,34.87,4,17.53,41,21,876.49,False,False,False,False,0,34.5,19,3,False,7.2,0,0
12674,22.11,Online Retail,Visa,No Authentication,Contactless,iPhone,False,13.8,3,15.98,45,42,356.97,False,False,False,False,0,0.0,3,4,False,33.8,0,0
15456,7.82,Fuel,Amex,3D Secure,Online,POS Terminal,False,4.05,1,3.47,51,53,902.87,False,True,False,False,0,18.6,16,4,False,34.0,1,0
14002,10.31,Online Retail,Discover,OTP,Contactless,Android Phone,False,4.98,6,2.32,42,32,3550.83,False,False,False,False,0,31.8,9,0,False,29.7,0,0
18622,52.63,Restaurants,Discover,OTP,Online,Android Phone,False,36.96,4,35.95,55,59,4635.14,False,False,False,False,0,27.1,5,2,False,48.1,0,0
2120,49.77,Utilities,Discover,PIN,POS,Smart Watch,False,2.75,3,40.55,52,50,2043.08,False,False,False,False,1,22.0,17,4,False,49.2,0,0
15305,24.12,Utilities,Visa,Biometric,Online,Android Phone,False,55.78,4,18.3,52,57,3547.79,False,False,False,False,1,24.4,19,4,False,44.3,0,0
4310,14.38,Online Retail,Visa,Biometric,Online,iPhone,False,15.85,2,3.27,46,54,3531.64,False,False,False,False,0,12.7,3,6,False,25.7,2,0
4485,280.22,Gaming,Visa,3D Secure,Online,iPhone,False,10.17,4,0.81,48,61,3192.99,False,False,False,True,0,20.1,21,3,False,41.6,0,0
11014,85.49,Online Retail,Amex,OTP,POS,Android Phone,False,4.29,2,20.69,40,66,5283.19,False,True,False,False,0,9.3,17,5,False,14.7,0,0
4771,15.48,Fuel,Mastercard,No Authentication,POS,Android Phone,False,8.97,1,21.2,48,20,1613.24,False,False,False,False,0,6.7,17,1,False,25.5,0,0
2713,18.53,Online Retail,Discover,Biometric,Contactless,POS Terminal,True,6.54,2,36.48,40,18,4502.73,False,False,False,False,0,0.0,0,1,False,28.3,0,0
12187,590.91,Utilities,Amex,3D Secure,Online,iPhone,False,1.94,3,10.16,38,47,26099.03,False,False,False,False,0,19.0,7,6,False,47.1,1,0
16616,188.98,Online Retail,Visa,PIN,In-App,Windows PC,False,11.69,1,13.23,54,58,4428.48,False,False,False,False,0,0.0,2,2,False,19.4,3,0
10948,135.73,Restaurants,Discover,OTP,POS,Windows PC,False,19.23,7,12.7,48,48,2516.75,False,False,False,False,0,32.5,18,2,False,38.5,0,0
2546,11.03,Streaming,Mastercard,3D Secure,In-App,POS Terminal,False,4.68,1,49.37,61,56,521.19,False,False,False,False,0,20.7,15,5,False,46.2,0,0
12620,485.1,Electronics,Visa,OTP,Online,Smart Watch,False,13.59,3,19.49,57,43,481.91,False,False,False,False,0,6.3,19,3,False,59.7,1,0
9852,45.38,Fuel,RuPay,3D Secure,Online,iPhone,False,8.51,4,1.99,47,31,844.48,False,False,False,False,0,18.8,3,2,False,29.3,0,0
4411,348.64,Electronics,Mastercard,3D Secure,POS,ATM Machine,False,5.03,3,8.81,57,63,4032.2,False,False,False,False,0,25.7,22,6,False,55.9,0,0
19648,247.59,Travel,Mastercard,OTP,POS,POS Terminal,False,14.41,4,0.17,44,34,1057.45,False,False,False,False,0,19.5,0,4,False,29.0,0,0
12345,80.88,Healthcare,Mastercard,OTP,Contactless,Smart Watch,False,2.48,2,27.64,38,53,486.05,False,False,False,False,0,21.9,1,6,False,37.8,1,0
12408,34.03,Healthcare,Visa,OTP,Contactless,Smart Watch,False,18.71,2,49.81,57,55,2690.65,False,False,False,False,0,13.2,1,2,False,10.5,1,0
9611,28.65,Healthcare,Visa,Biometric,Online,ATM Machine,False,0.04,5,1.81,53,32,544.13,False,False,False,False,0,48.3,20,0,False,53.5,0,0
10719,84.81,Online Retail,Mastercard,No Authentication,POS,Android Phone,False,5.25,5,22.35,49,56,1092.72,False,False,False,False,0,34.2,14,4,False,10.2,1,0
7572,101.77,Travel,Mastercard,Biometric,Online,iPhone,False,11.05,0,44.74,52,67,3167.28,True,False,False,False,0,0.0,13,4,False,25.3,0,0
3571,54.86,Restaurants,Mastercard,No Authentication,Contactless,ATM Machine,False,2.1,5,11.52,50,58,2154.3,False,True,False,False,0,26.3,5,6,False,58.1,2,1
8603,92.63,Online Retail,Mastercard,OTP,POS,iPhone,False,14.43,4,49.26,39,52,1956.38,False,False,False,False,0,22.7,13,3,False,26.4,0,0
3560,163.0,Groceries,Amex,PIN,Online,Android Phone,False,1.21,1,43.45,48,21,1033.48,True,False,False,False,1,9.1,19,1,False,7.6,0,0
4992,12.55,Streaming,Visa,OTP,Online,Android Phone,False,1.46,6,46.01,33,52,3352.76,True,False,False,True,0,32.1,4,6,True,48.0,0,1
7440,77.38,Online Retail,Visa,PIN,Online,iPhone,False,0.76,4,51.86,42,25,453.62,False,False,False,True,0,37.6,10,5,False,11.1,0,0
9326,30.28,Restaurants,RuPay,3D Secure,Online,Android Phone,False,10.54,4,28.7,49,61,1790.88,False,False,False,False,0,20.0,23,5,False,34.1,1,0
2301,11.82,Groceries,Visa,3D Secure,In-App,Tablet,False,9.86,4,32.59,43,71,2205.61,False,False,True,False,0,5.9,7,4,False,54.7,0,0
7667,11.12,Groceries,Visa,No Authentication,Contactless,POS Terminal,False,2.26,7,9.32,41,50,1377.37,False,False,False,False,0,52.7,6,6,False,6.1,0,0
5805,24.12,Restaurants,Visa,PIN,Contactless,Mac,False,5.49,0,21.94,59,42,664.8,True,False,False,False,0,22.6,6,3,False,30.5,0,0
12023,302.3,Travel,RuPay,OTP,Online,Mac,False,4.65,3,3.21,48,19,750.4,False,False,False,False,0,25.2,13,4,False,67.2,1,0
15538,10.08,Gift Cards,Mastercard,OTP,Contactless,POS Terminal,False,26.62,1,34.26,43,42,3268.59,False,False,False,False,0,8.2,20,6,False,54.9,1,0
9758,22.93,Fuel,Visa,OTP,Contactless,iPhone,False,4.11,5,7.32,49,77,2146.74,False,False,False,False,0,32.2,10,2,False,44.5,0,0
12015,48.54,Online Retail,Mastercard,OTP,Online,Smart Watch,False,14.69,1,14.62,53,43,3445.22,False,True,False,False,0,3.3,3,4,False,44.3,1,0
5212,1015.12,Electronics,Discover,3D Secure,In-App,Smart Watch,False,16.69,2,16.32,40,33,1116.38,True,False,False,False,0,15.3,13,4,False,72.2,0,1
11549,96.66,Utilities,Discover,OTP,Online,ATM Machine,False,4.92,0,14.32,43,20,1144.23,False,False,False,False,0,0.0,7,1,False,24.5,0,0
12367,58.27,Groceries,Mastercard,OTP,ATM,Windows PC,False,2.79,1,78.49,36,51,3059.34,True,False,False,False,0,7.7,5,2,False,36.5,1,0
9271,95.4,Travel,Amex,OTP,Online,Android Phone,False,8.1,3,21.38,69,58,807.58,False,False,False,False,0,14.7,10,3,False,25.1,1,0
3976,126.12,Groceries,Visa,PIN,POS,Tablet,False,4.03,4,9.52,54,66,6125.56,True,False,False,False,0,29.8,3,5,False,36.5,0,0
16091,4.99,Fuel,Visa,OTP,Online,Android Phone,False,2.7,3,21.31,46,50,598.37,False,False,False,False,1,25.2,19,3,False,19.1,0,0
17233,101.6,Online Retail,Discover,OTP,Contactless,Android Phone,False,13.33,4,7.29,36,23,4109.34,False,False,False,False,0,23.4,18,4,False,39.9,0,0
17444,18.14,Fuel,Amex,OTP,Online,POS Terminal,False,10.74,4,31.16,45,28,553.3,True,False,False,False,0,18.0,11,4,False,47.7,1,0
13657,13.44,Groceries,Visa,3D Secure,Online,iPhone,False,11.02,1,25.64,52,36,568.65,False,False,False,False,0,23.6,22,5,False,44.4,0,0
15646,33.15,Fuel,Amex,3D Secure,In-App,Windows PC,False,11.13,4,16.03,45,71,1407.81,False,False,False,False,0,13.3,3,1,False,61.1,0,0
2731,30.14,Groceries,Visa,PIN,POS,Mac,False,3.23,2,19.66,57,35,744.84,False,False,False,False,1,24.2,22,0,False,39.6,0,0
3299,145.56,Fuel,Mastercard,3D Secure,In-App,iPhone,False,20.37,4,12.49,53,65,3436.25,False,False,False,False,0,29.0,20,5,False,58.3,0,0
8957,54.46,Restaurants,Mastercard,3D Secure,Online,POS Terminal,False,0.9,3,0.06,48,72,4388.31,False,True,False,False,0,35.6,5,2,False,30.2,0,0
17411,132.53,Online Retail,Visa,Biometric,In-App,ATM Machine,False,1.46,2,6.32,47,19,13129.3,False,False,False,False,0,12.8,2,1,False,58.8,0,0
15156,200.13,Online Retail,Visa,No Authentication,Contactless,Android Phone,False,2.31,3,35.76,42,27,3404.06,True,False,False,False,1,20.6,14,3,False,48.5,1,0
17277,7.78,Restaurants,Visa,OTP,ATM,Android Phone,False,4.81,0,18.27,35,54,1519.38,False,False,False,False,0,0.0,3,6,False,24.5,0,0
6704,157.12,Electronics,Mastercard,3D Secure,POS,Android Phone,False,0.12,3,61.94,49,72,777.55,False,True,True,False,0,46.1,22,4,False,43.5,1,1
1969,37.29,Groceries,Visa,No Authentication,POS,iPhone,False,1.1,2,3.1,45,61,326.52,False,False,False,False,0,16.4,12,1,False,30.9,0,0
4937,71.55,Online Retail,Mastercard,3D Secure,ATM,iPhone,False,2.83,2,22.75,45,74,470.33,False,False,False,False,0,22.5,12,6,False,17.5,1,0
2113,36.21,Groceries,Amex,PIN,POS,ATM Machine,False,0.49,6,44.16,54,42,1200.16,True,False,False,False,1,40.4,20,6,False,26.0,0,0
879,244.17,Online Retail,Visa,3D Secure,Online,POS Terminal,False,9.47,4,31.92,38,40,3052.74,False,False,False,False,0,17.6,6,4,False,26.7,0,0
19076,8.53,Gift Cards,Mastercard,3D Secure,Contactless,ATM Machine,False,3.93,3,17.55,45,27,13501.28,True,False,False,False,0,18.3,19,0,False,81.1,0,0
12990,463.77,Travel,Visa,OTP,In-App,ATM Machine,False,4.68,2,12.28,45,34,6864.48,False,False,False,False,0,13.8,21,3,False,18.2,1,0
7278,125.72,Electronics,Mastercard,OTP,Online,POS Terminal,False,11.89,5,6.51,50,48,1776.88,False,False,False,False,0,24.8,20,1,False,42.2,0,0
5710,197.38,Groceries,Visa,OTP,Online,Windows PC,False,0.09,4,9.65,46,64,1760.04,False,False,False,False,1,48.7,12,0,False,36.3,0,0
12079,11.88,Groceries,Mastercard,Biometric,In-App,iPhone,False,12.17,4,2.29,40,28,1205.49,False,False,False,False,1,11.6,18,0,False,36.9,0,0
6688,37.63,Online Retail,Mastercard,No Authentication,POS,iPhone,False,8.38,4,55.73,50,20,5344.87,False,False,False,False,0,7.3,21,4,False,31.4,0,0
6419,60.53,Restaurants,Visa,OTP,In-App,Tablet,False,2.45,4,9.42,45,57,2016.14,False,False,False,False,0,20.3,9,4,False,57.1,0,0
10432,205.94,Fuel,Visa,3D Secure,POS,Android Phone,False,11.47,3,31.55,39,71,5668.5,False,False,False,False,0,9.3,8,2,False,40.8,0,0
9983,47.34,Online Retail,RuPay,PIN,In-App,Android Phone,False,3.32,4,66.71,54,59,1307.6,True,False,True,False,0,23.3,13,4,False,22.7,0,0
19074,115.81,Healthcare,Visa,OTP,Online,Android Phone,False,10.47,3,20.13,49,44,10979.63,False,False,False,False,0,26.6,22,3,False,47.1,0,0
4630,167.63,Restaurants,Discover,OTP,Contactless,Android Phone,False,11.01,3,65.13,49,69,11365.63,False,False,False,False,0,23.6,19,3,False,30.8,0,0
8863,5.13,Groceries,Amex,PIN,Contactless,Android Phone,False,4.15,4,27.84,53,42,490.07,False,False,False,False,0,12.8,7,1,False,37.6,0,0
4668,22.88,Groceries,Visa,PIN,Online,Android Phone,False,13.71,1,23.3,54,79,277.81,False,False,False,False,0,0.0,19,5,False,60.5,0,0
14164,68.09,Travel,Visa,No Authentication,Online,iPhone,False,5.38,3,20.41,55,74,2455.65,False,False,False,False,0,13.2,16,1,False,21.8,0,0
386,42.62,Fuel,Visa,OTP,POS,POS Terminal,False,11.0,7,4.09,49,64,1238.22,True,False,False,False,0,42.9,7,3,False,38.7,0,0
4187,65.69,Groceries,Visa,3D Secure,Online,Android Phone,False,13.0,1,10.87,35,19,1265.14,False,False,False,False,1,7.9,17,2,False,27.5,0,0
5346,54.59,Fuel,Visa,OTP,Online,iPhone,False,1.64,2,3.81,46,41,1819.37,False,True,False,False,0,13.7,8,4,False,24.8,0,0
2196,204.42,Healthcare,Amex,3D Secure,Online,Android Phone,False,5.65,1,4.26,53,75,11450.72,False,False,False,True,0,7.4,21,1,False,49.8,1,0
14991,350.59,Restaurants,Mastercard,Biometric,Online,Windows PC,False,27.5,2,2.95,59,22,1067.47,False,False,False,False,1,8.7,10,5,False,26.8,0,0
12635,125.67,Restaurants,Visa,Biometric,ATM,Windows PC,False,0.57,3,27.62,42,79,706.42,False,False,False,False,0,25.2,21,3,False,43.8,0,0
1078,28.27,Groceries,Visa,PIN,In-App,POS Terminal,False,5.42,4,7.91,53,36,369.1,False,True,False,False,0,9.1,12,6,False,22.9,0,0
6287,24.75,Groceries,Mastercard,OTP,Online,iPhone,False,24.94,3,33.47,52,24,5821.9,True,False,False,False,0,24.2,19,3,False,41.2,2,0
5934,766.26,Electronics,Visa,OTP,Online,Mac,False,16.61,3,25.27,48,33,1849.88,True,False,False,False,0,17.2,16,1,False,36.1,0,0
18513,9.72,Gaming,Visa,OTP,POS,Android Phone,False,10.57,0,8.11,34,18,258.24,False,False,False,False,0,3.9,1,1,False,57.0,2,0
19718,77.58,Utilities,RuPay,3D Secure,Online,Android Phone,False,1.37,2,2.17,48,64,6892.36,False,False,False,False,0,39.0,5,3,False,40.9,1,1
13364,12.72,Streaming,Visa,3D Secure,Contactless,Android Phone,False,3.99,1,0.69,44,19,1273.51,True,False,False,False,1,17.8,0,1,False,45.6,0,0
8073,16.25,Restaurants,Discover,OTP,ATM,Mac,False,22.2,2,40.25,47,32,7631.72,False,False,False,False,1,9.3,19,3,False,29.3,0,0
17021,393.94,Travel,Visa,OTP,Online,Android Phone,False,14.38,4,4.12,48,45,1477.94,False,False,True,False,0,28.4,14,4,False,25.9,1,0
9544,109.11,Crypto Exchange,Visa,PIN,Online,Windows PC,False,5.07,5,2.49,58,77,2424.76,False,False,False,True,0,28.1,4,6,False,61.9,0,0
19095,6.12,Restaurants,Mastercard,Biometric,Online,Tablet,False,0.12,1,13.79,50,49,6921.89,False,True,False,True,0,30.2,9,0,False,19.2,0,0
13356,994.86,Electronics,Discover,No Authentication,In-App,Tablet,False,5.3,2,73.83,52,38,615.53,False,False,True,False,0,0.0,22,6,False,46.1,1,0
18632,28.26,Restaurants,Mastercard,OTP,POS,POS Terminal,False,1.86,0,19.56,47,41,1215.19,True,False,False,False,0,19.3,4,6,False,49.5,1,0
2849,26.37,Gaming,Mastercard,No Authentication,Online,POS Terminal,False,11.55,2,5.16,44,73,1736.75,True,False,False,False,0,25.8,8,1,False,61.4,0,0
12792,93.02,Utilities,Mastercard,Biometric,Contactless,Tablet,False,5.44,3,0.58,49,33,1280.11,False,False,False,False,0,23.4,6,3,False,45.6,0,0
7723,20.79,Online Retail,Visa,PIN,POS,POS Terminal,False,4.35,3,36.63,56,18,350.0,False,False,False,False,0,19.6,18,0,False,45.4,0,0
813,27.25,Healthcare,Discover,3D Secure,Online,Android Phone,False,26.11,2,22.77,41,18,465.99,False,False,False,False,1,10.6,17,0,False,23.3,0,0
11194,45.29,Restaurants,Visa,OTP,Online,iPhone,False,0.2,1,25.9,48,27,3496.7,False,False,False,True,0,29.0,12,5,False,13.1,0,0
5136,96.22,Electronics,Visa,No Authentication,Online,iPhone,False,19.01,4,24.45,46,48,18641.14,False,False,False,False,0,18.0,19,2,False,64.8,0,0
8511,39.67,Groceries,Visa,Biometric,In-App,iPhone,False,3.97,3,18.26,45,37,3616.4,False,False,False,False,0,22.8,14,0,True,53.0,0,0
7435,52.88,Electronics,Mastercard,PIN,Contactless,Android Phone,False,1.1,3,32.01,53,31,8721.35,True,False,False,False,0,32.2,2,3,False,46.2,0,0
16477,58.78,Gift Cards,Visa,PIN,POS,POS Terminal,False,15.48,2,7.13,48,26,10462.02,False,False,False,False,1,12.0,4,3,False,74.8,1,0
937,90.93,Restaurants,Mastercard,Biometric,POS,POS Terminal,False,38.39,2,8.93,39,72,9993.95,False,False,False,False,0,13.6,19,3,False,42.3,0,0
11966,38.6,Restaurants,Mastercard,OTP,POS,Android Phone,False,3.43,2,86.09,46,26,2717.24,False,False,False,False,0,6.9,20,0,False,39.0,0,0
1693,267.98,Online Retail,Visa,Biometric,POS,Android Phone,False,14.69,6,22.39,55,71,3768.26,False,False,False,False,0,24.8,3,1,False,31.8,0,0
6217,57.92,Restaurants,Visa,OTP,Online,iPhone,False,3.13,1,10.87,43,50,814.79,False,False,False,False,0,28.9,12,0,False,52.1,0,0
9460,18.72,Groceries,Visa,OTP,In-App,Smart Watch,False,36.72,3,9.44,40,78,2818.66,False,False,False,False,0,9.8,6,1,False,42.3,0,0
12528,148.12,Gift Cards,Visa,OTP,Contactless,POS Terminal,False,6.16,4,10.8,53,38,5908.52,False,False,False,False,0,13.8,22,6,False,58.7,0,0
15485,151.71,Travel,Amex,OTP,Online,Windows PC,False,21.56,7,52.48,51,24,6017.1,True,False,False,False,0,24.2,9,4,False,24.5,1,0
5793,128.97,Restaurants,Mastercard,Biometric,Contactless,Android Phone,False,22.81,1,57.46,44,45,2895.01,False,False,False,False,0,6.9,2,5,False,30.7,2,0
12267,1759.04,Crypto Exchange,Visa,3D Secure,POS,iPhone,False,7.98,3,66.62,36,79,845.94,False,False,False,False,0,23.8,22,2,False,68.9,0,0
2222,30.74,Gift Cards,Visa,No Authentication,In-App,Smart Watch,False,7.52,1,5.86,54,29,3223.8,False,False,True,False,0,11.6,13,0,False,76.6,0,0
15758,7.37,Restaurants,Mastercard,3D Secure,Online,Tablet,False,16.66,2,17.96,51,76,411.16,False,False,False,False,0,3.2,7,1,False,2.0,1,0
4694,46.14,Groceries,Mastercard,3D Secure,Online,Android Phone,False,5.18,2,10.98,46,70,1326.71,False,False,False,False,0,1.6,20,5,False,10.9,0,0
10109,64.42,Groceries,Visa,PIN,In-App,Windows PC,False,5.75,1,2.28,46,59,35125.9,False,True,False,False,0,0.0,7,6,True,33.2,0,0
5108,113.89,Groceries,RuPay,Biometric,Online,Mac,False,5.43,3,7.44,50,61,636.67,True,False,False,False,0,11.4,7,3,False,50.2,0,0
13481,12.95,Groceries,RuPay,3D Secure,POS,Tablet,False,5.57,2,62.21,27,28,885.42,False,False,False,False,0,11.5,3,2,False,34.4,1,0
4746,30.62,Restaurants,Visa,OTP,POS,iPhone,False,20.15,4,15.9,39,51,4777.06,True,False,False,False,0,11.5,10,0,False,39.8,0,0
1605,10.3,Streaming,Visa,3D Secure,ATM,iPhone,False,2.44,2,10.95,47,72,4376.33,False,False,False,False,0,14.9,21,1,False,22.0,0,0
17396,88.56,Electronics,Visa,3D Secure,In-App,Android Phone,False,15.39,2,10.97,44,55,1093.56,False,False,False,False,0,8.4,22,4,False,62.8,0,0
16864,31.24,Groceries,Mastercard,OTP,Online,Windows PC,False,0.4,4,54.99,44,57,1706.37,True,False,True,False,0,33.8,0,5,False,31.6,2,0
8214,177.68,Online Retail,Mastercard,Biometric,Contactless,Android Phone,False,5.11,2,1.57,55,47,19189.56,True,False,False,False,0,24.3,14,6,False,13.4,0,0
1093,132.99,Healthcare,Visa,OTP,POS,iPhone,False,8.13,1,0.81,44,34,2062.22,False,False,False,False,0,17.2,12,3,False,39.8,0,0
13885,22.64,Utilities,Visa,3D Secure,Contactless,iPhone,False,0.76,5,6.6,52,65,1133.17,True,False,False,False,0,49.3,11,2,False,7.2,1,0
6312,50.61,Gift Cards,Mastercard,OTP,Online,Android Phone,False,33.61,2,6.61,44,31,1363.21,False,False,False,False,0,6.2,12,0,False,82.3,0,0
9013,33.39,Groceries,Visa,OTP,ATM,POS Terminal,False,0.52,3,51.39,60,80,1870.4,False,False,False,False,0,38.8,8,3,False,18.4,0,0
352,5.88,Streaming,Mastercard,PIN,POS,Android Phone,False,23.92,2,8.1,35,76,4790.61,False,False,False,False,0,7.4,0,3,False,26.4,0,0
14783,30.49,Utilities,RuPay,Biometric,POS,POS Terminal,False,17.1,6,39.36,56,19,2899.29,False,False,False,False,0,35.2,23,0,False,37.1,0,0
1531,683.15,Travel,Visa,No Authentication,Contactless,Windows PC,False,10.81,3,34.87,38,23,857.68,False,False,False,False,1,16.7,12,0,False,33.2,0,0
13592,67.83,Healthcare,Visa,PIN,Online,iPhone,False,8.31,5,24.77,50,65,2187.46,True,False,False,False,0,19.7,8,5,True,39.9,0,0
15216,142.32,Utilities,Mastercard,3D Secure,Online,iPhone,False,7.08,4,24.7,46,57,10126.28,False,False,False,False,1,30.9,11,1,False,45.1,1,0
11541,12.39,Gaming,Mastercard,PIN,Contactless,Smart Watch,False,1.51,3,6.59,42,45,1311.47,True,False,False,False,0,17.7,8,6,False,48.7,1,0
219,55.99,Electronics,Mastercard,PIN,Contactless,POS Terminal,False,1.28,6,9.08,40,42,9638.36,False,False,False,False,0,30.4,6,3,False,56.2,0,0
6814,23.97,Groceries,Visa,3D Secure,In-App,Android Phone,False,18.11,3,48.97,58,60,5058.84,False,False,False,False,0,15.1,10,5,False,41.0,1,0
5358,111.32,Groceries,Visa,PIN,Contactless,Windows PC,False,0.24,5,13.51,46,20,1891.71,True,False,False,False,1,58.7,5,6,False,49.0,1,0
15730,12.48,Fuel,RuPay,No Authentication,In-App,Windows PC,False,12.7,3,26.86,43,26,4887.9,True,False,False,False,1,8.8,3,5,False,20.4,0,0
13044,28.02,Restaurants,Visa,PIN,POS,Android Phone,False,11.44,2,2.1,50,29,3442.95,False,False,True,False,0,11.7,9,0,False,22.2,0,0
1454,14.82,Utilities,Visa,PIN,Online,Android Phone,True,18.49,2,19.69,41,39,1257.44,False,False,True,False,0,21.7,4,4,True,42.9,0,1
14933,23.9,Restaurants,Mastercard,OTP,Contactless,POS Terminal,True,18.48,4,13.01,37,40,2073.03,False,False,False,False,0,21.9,12,6,False,44.2,2,0
4741,3.28,Healthcare,Visa,3D Secure,Online,iPhone,False,9.46,3,13.84,40,74,5231.84,False,False,False,False,0,19.2,1,6,False,22.3,1,0
2815,41.22,Restaurants,Visa,3D Secure,Online,POS Terminal,False,28.91,3,49.84,43,49,737.08,False,False,False,False,0,20.7,9,2,False,33.1,2,0
7887,6.24,Groceries,Discover,OTP,ATM,POS Terminal,False,2.02,4,20.06,49,28,2297.94,False,False,False,False,0,19.2,8,2,False,46.5,1,0
4974,170.75,Fuel,Visa,Biometric,Online,POS Terminal,False,2.35,2,3.84,51,51,2801.0,False,False,False,False,0,7.8,21,5,False,11.9,0,0
1183,108.49,Groceries,Visa,3D Secure,In-App,Smart Watch,False,4.07,2,5.37,43,79,682.11,False,False,False,False,0,19.9,16,1,False,41.3,0,0
10036,264.39,Travel,Visa,No Authentication,ATM,Windows PC,False,3.45,1,19.16,48,36,49389.66,False,False,False,False,1,12.0,19,6,False,44.6,1,0
3948,27.19,Fuel,Mastercard,Biometric,Contactless,Windows PC,True,4.25,3,12.95,42,52,1821.04,False,False,False,False,0,25.3,21,2,False,44.1,0,0
3190,179.47,Online Retail,Discover,3D Secure,Online,Smart Watch,False,24.32,4,37.07,35,61,4191.79,False,False,False,False,0,29.9,3,2,False,16.0,0,0
14481,472.25,Healthcare,Amex,Biometric,Online,POS Terminal,False,3.56,4,5.27,57,74,4341.1,False,False,False,False,0,19.2,12,0,False,33.2,0,0
19827,177.87,Groceries,Visa,Biometric,In-App,POS Terminal,False,9.77,4,21.46,46,74,22646.58,False,False,False,False,0,17.5,20,6,False,28.3,0,0
9624,17.66,Healthcare,Visa,No Authentication,In-App,Windows PC,False,0.22,5,0.04,49,30,4092.08,False,False,False,False,1,33.8,8,5,False,33.5,0,0
1007,202.03,Restaurants,Discover,Biometric,POS,ATM Machine,False,1.96,4,29.8,44,56,4410.18,False,False,False,False,0,28.2,18,0,False,36.7,0,0
2326,125.27,Groceries,Mastercard,3D Secure,ATM,Mac,False,7.66,2,22.79,45,24,2663.4,True,False,False,False,0,24.3,20,4,False,22.2,0,0
10646,81.13,Electronics,Amex,3D Secure,Online,Tablet,False,18.67,4,19.14,45,37,6208.34,True,False,False,False,0,21.2,5,2,False,64.5,0,0
19524,25.95,Groceries,Mastercard,PIN,In-App,Android Phone,False,27.44,5,11.34,36,59,2104.12,False,False,False,False,0,36.4,6,1,False,35.2,0,0
17726,45.05,Restaurants,Mastercard,3D Secure,ATM,iPhone,False,12.33,2,4.91,35,67,2217.37,False,False,False,False,0,32.2,12,4,False,3.7,0,0
5744,500.97,Travel,Amex,3D Secure,Online,Smart Watch,False,15.69,3,0.29,57,39,614.6,True,False,False,False,0,16.3,3,2,False,13.1,0,0
12681,34.81,Gaming,Amex,PIN,ATM,Android Phone,False,16.87,3,90.69,58,81,6332.78,False,False,False,False,0,16.0,10,0,False,63.4,0,0
14584,73.03,Gift Cards,Mastercard,3D Secure,POS,Tablet,False,16.45,5,4.19,43,42,3588.97,False,False,False,False,0,28.4,10,1,False,86.3,0,0
19258,11.0,Fuel,Visa,PIN,In-App,Android Phone,False,1.61,3,9.99,40,39,763.01,True,False,False,False,0,27.4,0,1,False,40.6,2,0
11882,27.45,Restaurants,Discover,OTP,POS,iPhone,False,5.87,3,1.34,41,49,1351.75,True,False,False,False,0,0.8,2,3,False,20.1,1,0
1028,14.63,Fuel,Visa,3D Secure,Contactless,POS Terminal,True,18.32,4,48.76,44,58,3095.86,False,False,False,False,0,27.5,10,5,False,23.7,0,0
4070,228.96,Healthcare,Mastercard,Biometric,Contactless,Android Phone,False,4.77,4,13.03,60,77,2233.21,False,False,False,False,1,28.7,6,6,False,34.8,0,0
18573,10.35,Groceries,Visa,3D Secure,Online,iPhone,False,6.84,3,13.76,53,39,1717.73,False,True,False,False,0,19.8,14,2,False,38.2,0,0
14653,7.19,Streaming,Mastercard,OTP,In-App,Android Phone,False,17.17,2,18.43,55,56,1517.28,False,False,False,False,0,1.5,8,2,False,41.7,0,0
6651,25.93,Healthcare,Visa,Biometric,Online,iPhone,False,6.32,3,16.99,44,72,1873.89,True,False,False,False,0,20.6,6,4,False,50.7,0,0
15784,27.98,Online Retail,Visa,Biometric,Online,iPhone,False,9.3,4,10.82,45,45,622.68,False,False,False,False,0,14.7,0,6,False,33.5,0,0
17649,20.35,Healthcare,Visa,3D Secure,Online,Android Phone,False,8.63,4,66.56,52,57,28321.98,False,False,False,False,0,4.7,8,3,False,35.6,0,0
4623,73.89,Gaming,Amex,No Authentication,Online,Windows PC,False,16.48,5,24.61,41,53,2573.31,False,False,False,False,1,22.1,1,2,False,63.5,0,1
10386,259.79,Electronics,Mastercard,PIN,Online,iPhone,False,11.7,1,30.06,58,38,294.92,False,False,False,False,0,10.0,20,3,False,61.5,0,0
13671,585.35,Crypto Exchange,Amex,Biometric,Contactless,iPhone,False,2.8,4,1.42,45,39,2606.12,False,False,False,False,0,26.6,15,5,False,82.8,0,0
14047,32.65,Online Retail,Visa,3D Secure,POS,POS Terminal,False,1.47,0,52.11,44,67,737.76,False,False,False,False,0,2.4,13,0,False,29.9,0,0
1963,90.48,Electronics,Visa,3D Secure,Online,iPhone,False,10.31,2,35.42,46,53,4173.47,False,False,False,False,0,10.5,17,5,False,58.8,2,0
19875,541.32,Travel,Visa,PIN,Contactless,Windows PC,False,5.82,2,21.77,39,36,776.7,True,True,False,False,0,0.0,20,2,False,13.8,0,0
1600,106.98,Electronics,Mastercard,OTP,Contactless,iPhone,False,2.38,3,28.41,62,58,2582.27,False,False,False,False,0,15.2,18,0,False,29.7,0,0
9676,27.33,Groceries,Mastercard,PIN,Contactless,Smart Watch,False,16.16,0,2.75,50,61,498.34,False,False,False,False,0,1.9,20,2,False,23.7,2,0
10953,34.75,Utilities,Visa,PIN,Contactless,Smart Watch,False,18.46,4,101.65,45,66,1087.71,False,False,False,False,0,19.2,1,0,False,42.0,0,0
4334,34.15,Gift Cards,Visa,3D Secure,Contactless,Android Phone,False,5.4,1,13.31,42,59,1077.84,False,False,False,False,1,5.2,5,2,False,76.9,0,0
12100,10.52,Streaming,Visa,3D Secure,POS,iPhone,False,11.01,5,20.95,51,29,694.55,False,False,False,False,0,32.6,20,1,False,30.5,0,0
6956,11.29,Fuel,Mastercard,PIN,Contactless,iPhone,False,40.26,3,33.42,43,61,847.23,False,False,False,False,0,2.0,23,4,False,2.6,0,0
18822,2.1,Streaming,Mastercard,OTP,POS,Android Phone,False,35.17,1,6.89,52,65,475.13,False,False,True,False,0,13.4,16,3,False,48.9,0,0
8546,23.07,Healthcare,Mastercard,3D Secure,POS,iPhone,False,4.79,5,51.93,59,55,1676.52,False,False,False,False,1,49.9,7,5,False,36.9,0,0
15975,146.21,Fuel,Visa,3D Secure,Online,Android Phone,False,8.71,5,1.09,45,57,3351.71,False,False,False,False,0,39.3,16,4,True,19.7,0,0
13723,124.0,Travel,RuPay,OTP,In-App,POS Terminal,False,1.92,1,30.36,44,46,425.5,False,False,False,False,0,25.3,14,0,False,25.0,0,0
696,83.97,Online Retail,Amex,3D Secure,POS,Android Phone,False,9.66,4,18.65,45,64,4074.49,False,True,False,False,0,29.7,19,2,False,21.5,0,0
15631,52.68,Groceries,Visa,3D Secure,Online,Android Phone,False,34.05,3,8.91,48,62,609.91,False,False,False,False,2,24.3,23,5,False,47.4,0,0
13590,34.17,Online Retail,Mastercard,OTP,Contactless,POS Terminal,False,2.34,0,53.93,39,26,4632.16,False,False,False,False,1,10.3,14,4,False,31.7,0,0
14522,12.29,Gaming,Mastercard,OTP,POS,Android Phone,False,2.23,2,26.27,59,63,971.48,False,False,False,False,0,8.1,11,3,False,73.5,1,0
19918,7.69,Restaurants,Visa,OTP,Contactless,iPhone,False,0.3,4,41.34,41,23,7563.14,False,False,False,False,1,41.9,13,2,False,16.9,0,0
9771,71.2,Groceries,Discover,Biometric,Online,POS Terminal,False,1.25,3,42.14,39,28,248.78,False,False,False,False,0,12.9,16,0,False,21.5,0,0
13378,24.53,Fuel,Visa,OTP,Online,iPhone,False,5.34,3,47.99,36,64,6261.85,False,False,False,True,0,3.6,2,0,False,44.7,0,0
1035,320.33,Travel,Amex,Biometric,POS,iPhone,False,1.94,3,19.51,54,68,1127.98,True,True,False,False,0,30.2,12,3,False,26.5,0,0
10843,9.51,Online Retail,Mastercard,No Authentication,In-App,Android Phone,False,4.59,0,69.77,54,19,982.69,True,False,False,False,0,7.2,15,1,False,29.4,1,0
16593,32.6,Groceries,Visa,OTP,Online,Android Phone,False,1.6,2,10.64,52,77,3186.85,False,False,False,False,0,27.7,21,0,False,45.3,0,0
10422,155.9,Restaurants,Mastercard,OTP,Online,Mac,False,5.85,4,15.48,41,53,1922.56,False,True,False,False,0,3.2,9,1,False,32.0,0,0
10980,12.81,Gift Cards,Mastercard,3D Secure,Online,Tablet,False,2.62,4,28.74,38,26,876.22,False,False,False,False,0,26.4,8,5,False,47.3,1,0
2128,43.47,Online Retail,Mastercard,No Authentication,Online,POS Terminal,False,6.37,4,0.39,45,78,1418.83,False,False,False,False,0,21.1,9,0,True,40.4,0,0
12188,223.69,Travel,Visa,OTP,ATM,Android Phone,False,4.67,4,4.06,42,80,1650.54,False,False,False,False,1,27.6,6,4,False,41.2,1,0
5971,104.11,Crypto Exchange,Visa,PIN,In-App,Android Phone,False,5.91,3,3.85,47,28,1897.45,True,False,False,False,1,14.5,16,0,False,84.8,0,0
13226,72.87,Restaurants,Visa,OTP,Online,POS Terminal,False,5.06,4,8.36,55,52,2341.1,False,False,False,False,0,25.2,16,3,False,36.4,0,0
994,20.93,Restaurants,Mastercard,No Authentication,In-App,Smart Watch,False,1.47,3,12.37,44,69,7382.66,False,False,False,False,0,24.9,23,1,False,19.6,1,0
15085,3.92,Streaming,Mastercard,OTP,POS,Smart Watch,False,8.43,3,8.11,53,45,4050.33,True,False,False,False,0,20.2,8,5,False,50.3,0,0
14846,36.77,Restaurants,Amex,PIN,POS,Android Phone,False,1.12,4,22.6,36,43,11966.21,False,False,False,True,0,26.6,4,1,False,39.4,1,0
14946,111.63,Groceries,RuPay,3D Secure,Contactless,POS Terminal,False,2.48,2,4.44,47,69,1359.36,False,False,False,False,0,17.7,4,1,False,40.8,1,0
448,33.59,Groceries,Visa,OTP,Online,ATM Machine,False,10.98,6,8.3,33,52,1748.73,False,False,False,False,0,37.2,4,3,False,15.6,0,0
17278,104.2,Groceries,Visa,OTP,Contactless,Windows PC,False,9.12,1,72.6,53,66,1969.43,False,True,False,False,1,10.0,6,3,False,52.6,0,0
5454,25.8,Online Retail,Mastercard,PIN,In-App,Android Phone,False,3.01,2,12.12,36,35,3025.05,False,False,False,False,0,25.3,8,4,False,28.1,0,0
3212,285.07,Travel,Discover,Biometric,In-App,Windows PC,False,4.78,2,35.44,36,53,1892.05,False,False,False,False,0,23.0,0,2,False,27.5,0,0
5562,100.54,Groceries,Mastercard,Biometric,In-App,Windows PC,False,18.08,3,13.39,51,73,13738.27,False,False,False,False,1,15.0,11,4,False,33.9,0,0
18912,134.99,Crypto Exchange,Visa,No Authentication,In-App,Android Phone,False,11.7,2,27.42,37,74,760.74,False,False,False,False,0,2.3,11,5,False,75.2,0,0
3211,95.6,Restaurants,Mastercard,No Authentication,Online,iPhone,False,6.15,6,37.99,40,81,651.39,False,False,False,False,0,28.5,16,1,False,27.0,0,0
13814,19.16,Fuel,Mastercard,OTP,Online,Smart Watch,False,1.21,5,56.71,59,81,7928.17,False,False,False,False,2,32.9,22,3,False,19.0,2,0
8967,427.15,Travel,Mastercard,3D Secure,Online,Windows PC,False,0.09,1,3.69,47,75,5622.86,False,False,False,True,1,28.8,21,6,False,25.1,1,0
17654,201.29,Electronics,Visa,No Authentication,Contactless,Android Phone,False,3.03,2,22.42,46,47,14472.03,False,False,False,False,0,14.5,17,0,False,40.3,1,0
10650,45.45,Restaurants,Mastercard,OTP,POS,Windows PC,False,8.2,5,2.62,45,62,8151.14,False,False,False,False,0,19.6,3,4,False,16.2,0,0
19715,410.63,Electronics,Mastercard,OTP,POS,Android Phone,False,16.36,7,34.8,43,40,710.33,True,False,False,False,0,21.9,15,0,False,67.4,0,0
3972,105.28,Groceries,Mastercard,OTP,In-App,Windows PC,True,1.2,4,20.84,50,81,1678.68,True,True,False,False,0,36.8,14,4,False,19.0,0,0
10808,184.33,Travel,Visa,Biometric,Contactless,POS Terminal,False,5.46,3,38.18,41,49,2196.23,True,True,False,False,0,9.7,7,2,False,43.5,0,0
19545,101.32,Groceries,RuPay,3D Secure,Online,POS Terminal,False,10.04,2,18.45,49,38,703.81,False,False,False,False,1,2.7,16,1,True,8.5,0,0
11367,186.29,Crypto Exchange,Mastercard,Biometric,Contactless,Android Phone,False,8.02,3,29.84,38,25,1524.56,False,False,False,False,0,29.1,21,0,False,64.5,1,0
3779,42.3,Groceries,Visa,3D Secure,POS,iPhone,False,15.47,5,26.98,38,45,698.5,False,False,False,False,0,18.6,9,6,False,23.3,0,0
13080,47.6,Gift Cards,Visa,No Authentication,Online,iPhone,False,12.94,1,34.51,51,20,3998.54,True,False,False,False,1,12.3,11,3,False,70.3,1,0
6353,80.28,Travel,RuPay,PIN,In-App,Mac,False,16.03,5,16.81,45,30,1259.22,False,False,False,False,0,32.2,5,2,False,40.7,2,0
4008,22.24,Online Retail,Mastercard,3D Secure,POS,Android Phone,False,7.4,3,21.76,48,31,9114.98,False,False,False,False,0,20.8,19,0,False,31.6,0,0
3777,83.18,Healthcare,Amex,PIN,Contactless,Smart Watch,False,20.73,4,9.3,44,71,5629.62,False,False,False,False,0,29.8,3,1,False,35.0,0,0
17148,91.63,Groceries,Visa,OTP,POS,Windows PC,False,14.23,6,8.38,42,19,1690.03,True,False,False,False,1,41.3,8,2,False,44.1,0,0
14105,10.85,Streaming,RuPay,No Authentication,Contactless,Mac,False,10.89,4,0.81,43,39,3045.43,True,False,False,False,0,13.0,7,2,False,30.0,1,0
19146,85.84,Restaurants,Mastercard,3D Secure,Online,Android Phone,False,17.65,4,2.55,61,48,1756.49,False,False,False,False,0,11.0,22,6,False,29.2,1,0
19184,269.11,Healthcare,Visa,PIN,POS,Windows PC,False,4.04,7,36.59,44,59,6705.63,False,False,False,False,0,26.9,12,5,False,50.1,0,0
8427,28.59,Restaurants,Visa,OTP,POS,Windows PC,False,0.93,5,28.38,47,19,762.11,False,False,False,False,0,42.2,17,4,False,10.2,0,0
4338,26.03,Groceries,Visa,No Authentication,In-App,Android Phone,False,3.77,0,27.81,41,27,2415.39,False,False,False,False,0,0.0,16,4,False,40.2,0,0
8118,194.76,Travel,Mastercard,No Authentication,POS,Windows PC,False,8.57,4,5.32,37,77,20105.04,False,False,False,False,0,12.0,1,3,False,19.8,0,0
7764,245.12,Electronics,RuPay,PIN,Contactless,iPhone,False,2.84,2,3.21,49,22,1996.14,False,True,False,False,0,27.0,16,0,False,34.1,0,0
14013,22.74,Restaurants,RuPay,3D Secure,ATM,ATM Machine,False,11.07,0,22.91,47,79,1906.89,False,True,False,False,0,9.1,23,4,False,1.6,1,0
13652,296.71,Healthcare,Mastercard,OTP,Online,Android Phone,False,27.12,3,10.0,50,59,1937.25,False,True,False,False,1,18.7,6,1,False,48.7,1,0
439,98.22,Electronics,Visa,PIN,In-App,Android Phone,False,2.9,5,37.89,47,53,1147.53,False,False,False,False,0,37.6,8,5,False,56.3,1,0
16534,93.97,Restaurants,Mastercard,OTP,Online,Smart Watch,False,10.33,2,96.51,53,59,2164.63,True,False,True,False,0,14.9,3,3,False,19.5,0,0
3270,179.74,Travel,Amex,PIN,In-App,iPhone,False,3.64,5,20.89,52,38,1881.92,False,True,False,False,0,28.9,21,3,False,42.0,0,0
3753,48.85,Online Retail,Mastercard,3D Secure,POS,Android Phone,False,6.41,7,44.6,44,71,1187.73,False,False,False,False,0,41.6,6,3,False,30.5,0,0
9114,315.52,Travel,Mastercard,3D Secure,Online,Android Phone,False,7.96,4,41.52,54,51,7054.6,False,False,False,False,0,11.7,22,1,False,28.8,0,0
9441,25.56,Utilities,Visa,No Authentication,Online,POS Terminal,False,5.87,3,14.43,45,68,454.64,False,False,False,False,0,31.3,7,5,False,5.8,1,0
1740,78.62,Online Retail,Mastercard,OTP,Online,iPhone,False,14.08,2,18.55,54,52,419.03,False,False,False,False,0,18.5,3,4,False,2.5,1,0
607,9.91,Utilities,RuPay,OTP,ATM,Android Phone,True,0.75,2,2.25,43,36,2951.48,False,False,False,False,0,18.5,10,0,False,22.1,1,0
17086,42.38,Electronics,Mastercard,Biometric,Online,iPhone,True,21.25,4,27.74,50,33,3025.08,False,False,False,False,0,30.4,8,4,False,67.9,0,0
12999,53.21,Online Retail,Amex,3D Secure,Contactless,Windows PC,False,0.81,2,27.16,47,33,636.21,True,False,False,False,0,31.7,14,3,False,40.3,0,0
16973,203.76,Travel,Visa,PIN,Online,Android Phone,False,24.68,5,6.19,50,60,893.19,False,True,False,False,0,31.6,22,6,False,12.5,0,0
18367,82.15,Online Retail,Discover,No Authentication,In-App,Windows PC,False,0.7,5,31.14,54,73,576.93,True,True,False,False,0,14.9,17,2,False,21.0,0,0
15684,412.76,Crypto Exchange,Visa,PIN,In-App,Windows PC,False,2.58,5,32.46,37,65,1369.31,False,False,False,False,0,33.5,10,2,False,61.2,0,0
11038,20.16,Travel,Visa,PIN,Online,Mac,True,30.56,2,20.52,48,29,2971.89,True,False,False,False,0,11.6,18,0,False,40.6,0,0
5747,346.48,Electronics,Mastercard,Biometric,Contactless,Android Phone,False,1.55,1,25.24,39,81,200.06,True,False,False,False,0,10.5,4,2,False,50.2,1,0
11585,374.02,Electronics,RuPay,No Authentication,Online,POS Terminal,False,13.86,5,17.9,51,62,3774.82,False,False,False,False,1,14.2,21,3,False,76.1,0,0
6271,57.58,Groceries,RuPay,PIN,Contactless,Android Phone,False,4.57,4,16.37,45,21,957.02,False,False,False,False,0,32.4,2,6,False,21.8,1,0
8852,34.01,Utilities,Mastercard,PIN,POS,Tablet,False,13.77,2,9.07,45,63,5979.57,False,False,False,False,1,10.8,16,2,False,46.6,0,0
18409,58.9,Restaurants,Visa,PIN,In-App,iPhone,False,7.04,1,6.66,52,58,827.72,True,False,False,False,0,16.8,0,5,False,32.4,0,0
6601,66.29,Online Retail,Mastercard,Biometric,Contactless,Windows PC,False,6.14,3,12.19,50,33,822.61,False,False,False,False,0,11.3,3,4,False,51.9,0,0
11379,36.15,Groceries,Amex,Biometric,POS,POS Terminal,False,9.77,1,31.59,45,57,354.71,True,False,False,False,0,0.0,4,1,False,13.5,0,0
17190,262.61,Online Retail,Amex,Biometric,Online,Android Phone,False,1.83,1,0.05,46,27,2354.1,False,False,False,False,0,19.9,17,4,True,23.9,1,0
11606,29.58,Streaming,Visa,OTP,ATM,Android Phone,False,1.65,9,11.5,43,48,952.19,False,True,False,False,0,53.3,4,2,False,26.4,1,0
6910,17.29,Online Retail,Visa,Biometric,In-App,ATM Machine,False,4.32,2,35.27,45,26,3814.08,False,False,False,False,0,6.5,23,5,False,37.2,0,0
739,166.19,Online Retail,Discover,OTP,Contactless,Android Phone,False,4.72,5,3.11,50,79,2160.78,False,False,False,False,0,28.3,13,4,False,30.7,0,0
1995,3593.42,Crypto Exchange,Visa,OTP,Online,Android Phone,False,2.5,6,57.8,56,50,592.43,True,False,False,False,0,40.6,12,6,False,79.0,0,0
120,206.47,Restaurants,Mastercard,PIN,Contactless,Windows PC,False,13.0,2,10.45,67,33,1832.74,False,False,False,False,1,10.9,9,3,False,32.8,0,0
14927,36.41,Groceries,Discover,PIN,In-App,iPhone,False,4.3,3,8.33,42,71,758.46,False,False,False,False,1,10.1,20,0,True,26.1,0,0
17610,79.43,Groceries,Mastercard,3D Secure,Online,POS Terminal,False,1.01,1,5.7,43,67,659.47,False,False,False,True,0,28.0,13,5,False,29.4,1,0
17437,64.92,Healthcare,Mastercard,3D Secure,POS,Smart Watch,False,37.02,1,2.3,51,43,2055.08,False,False,False,False,2,5.1,17,2,False,24.1,0,0
18554,775.59,Electronics,Visa,Biometric,Online,Android Phone,False,4.5,5,34.41,50,49,821.6,True,False,False,False,1,27.2,17,1,False,45.7,0,0
7294,46.56,Gift Cards,Visa,3D Secure,In-App,Windows PC,False,5.6,3,13.62,40,22,1161.0,False,True,False,False,0,27.0,5,1,False,72.6,0,0
3406,533.84,Electronics,Amex,3D Secure,Online,Smart Watch,False,9.86,4,21.61,46,78,7381.78,False,False,False,False,1,19.8,23,2,False,34.8,0,0
10538,11.01,Healthcare,Visa,PIN,ATM,Android Phone,False,6.29,3,157.26,34,79,556.7,False,False,False,False,0,14.2,17,1,False,46.4,0,0
18467,46.1,Restaurants,Visa,PIN,Contactless,POS Terminal,False,18.77,5,36.55,54,55,470.1,False,False,False,False,0,16.2,11,3,False,36.8,1,0
8627,13.37,Fuel,Visa,No Authentication,Contactless,iPhone,False,13.59,4,25.66,37,70,1119.13,False,False,False,False,0,18.9,1,1,False,30.5,0,0
3482,95.07,Restaurants,Visa,No Authentication,In-App,Windows PC,False,19.88,0,7.34,51,72,968.79,False,False,False,False,0,0.0,4,1,False,51.3,0,0
17819,17.61,Fuel,Mastercard,PIN,Contactless,Mac,False,4.25,3,23.68,42,41,15692.08,False,True,False,False,0,15.1,2,1,False,35.4,1,0
128,317.44,Restaurants,Amex,OTP,POS,ATM Machine,False,7.7,3,33.14,59,18,1983.89,True,False,False,False,0,20.5,12,2,False,47.6,0,0
13427,32.25,Fuel,Visa,OTP,ATM,iPhone,False,15.88,5,17.13,37,76,1909.79,False,False,False,False,0,47.1,2,6,False,41.0,0,0
10611,41.36,Utilities,Visa,3D Secure,Online,Android Phone,False,11.02,3,2.93,49,29,1971.13,False,False,False,False,0,0.0,0,4,False,24.8,1,0
15274,5.82,Fuel,Mastercard,No Authentication,POS,Windows PC,True,4.07,4,38.77,52,79,683.02,False,True,False,False,0,24.4,16,0,False,45.7,1,0
19581,38.61,Restaurants,Visa,OTP,POS,Mac,False,4.3,1,9.06,40,70,1029.0,False,True,False,False,0,0.0,14,5,False,6.6,0,0
19286,30.7,Streaming,Visa,OTP,ATM,Android Phone,False,11.3,0,14.67,48,54,2227.52,False,False,False,False,0,0.0,15,2,False,16.4,0,0
12823,23.56,Restaurants,Mastercard,3D Secure,In-App,ATM Machine,False,0.87,5,7.87,48,68,379.01,False,False,True,False,1,20.8,5,0,False,21.8,0,0
3074,25.85,Groceries,Visa,PIN,POS,Android Phone,False,2.98,2,40.86,53,39,3117.35,False,False,False,False,0,28.2,21,2,False,27.4,0,0
2381,960.65,Travel,RuPay,3D Secure,POS,Android Phone,False,5.76,4,4.26,55,64,5723.34,False,False,False,False,0,20.9,23,6,False,40.7,0,0
2484,19.8,Online Retail,Visa,PIN,Contactless,Tablet,False,4.29,0,106.42,46,34,3514.97,True,False,False,False,0,1.8,17,3,False,51.6,2,0
3462,30.92,Groceries,Visa,3D Secure,In-App,Tablet,False,6.48,1,3.62,43,28,700.13,False,False,False,False,0,8.3,6,1,False,47.4,0,0
15232,20.07,Groceries,Amex,3D Secure,ATM,Smart Watch,False,2.28,5,7.54,60,80,1173.27,False,False,False,False,0,15.1,23,3,False,27.4,0,0
7459,213.24,Electronics,Visa,PIN,Contactless,POS Terminal,False,2.06,6,7.1,56,60,3630.41,False,False,False,False,0,36.9,12,6,False,62.3,1,0
15885,182.04,Crypto Exchange,Visa,PIN,Online,Windows PC,False,4.41,1,9.91,42,53,263.98,False,False,False,False,1,20.2,16,1,False,97.8,0,0
6886,175.35,Electronics,Visa,3D Secure,Online,ATM Machine,False,13.11,5,10.6,54,29,464.18,False,False,False,True,0,24.9,22,3,False,72.9,0,0
15098,505.72,Electronics,Mastercard,3D Secure,Online,iPhone,False,0.17,3,6.27,52,54,4698.22,True,False,False,False,2,43.9,1,1,False,52.4,0,1
18685,65.25,Electronics,RuPay,3D Secure,Contactless,ATM Machine,False,7.6,2,8.74,44,74,1077.5,False,False,False,False,1,0.0,7,6,False,62.7,0,0
14971,8.28,Healthcare,RuPay,OTP,ATM,Windows PC,False,3.18,8,5.33,42,50,572.35,False,True,False,False,0,45.8,13,6,False,68.8,1,0
804,105.24,Groceries,Visa,3D Secure,In-App,Smart Watch,False,10.13,5,22.3,50,63,6180.88,True,False,False,False,1,16.5,19,3,False,32.3,1,0
475,22.57,Fuel,Visa,3D Secure,In-App,POS Terminal,False,0.96,8,19.06,41,75,1891.56,True,False,False,False,0,46.8,2,1,False,31.2,0,0
8609,117.61,Restaurants,Amex,No Authentication,POS,POS Terminal,False,39.2,2,33.03,39,67,1439.12,True,True,True,False,0,0.0,18,1,False,17.8,0,0
6483,34.02,Healthcare,Visa,OTP,POS,POS Terminal,False,0.63,3,23.8,40,31,1250.2,False,False,False,False,0,34.2,19,6,False,19.0,4,1
18288,18.31,Utilities,Visa,No Authentication,Contactless,POS Terminal,False,6.85,2,28.88,50,68,1034.77,False,False,False,False,1,9.5,6,3,False,18.5,0,0
5558,32.12,Groceries,RuPay,OTP,POS,Mac,False,12.62,2,6.83,59,41,401.71,False,False,False,False,0,18.2,10,2,True,24.2,0,0
13949,21.26,Gift Cards,Mastercard,PIN,POS,Android Phone,False,4.05,1,28.42,46,46,1039.3,False,False,False,False,0,0.0,5,1,False,76.2,0,0
8892,72.03,Electronics,Mastercard,Biometric,POS,Windows PC,False,10.68,9,53.34,42,47,234.51,False,False,True,False,0,45.8,7,4,False,57.8,0,0
12522,44.53,Groceries,Visa,3D Secure,Contactless,Smart Watch,False,2.09,4,19.97,43,72,8321.93,False,False,False,False,0,30.6,8,0,False,45.4,0,0
4449,424.14,Electronics,Mastercard,3D Secure,In-App,POS Terminal,False,11.65,0,5.33,51,71,4597.58,False,False,False,False,0,11.2,13,1,False,56.3,1,0
485,244.59,Electronics,Visa,OTP,Online,ATM Machine,False,0.11,3,6.71,37,31,2326.61,False,False,False,False,0,33.8,7,0,False,49.7,0,0
10423,205.97,Travel,Visa,3D Secure,POS,Android Phone,False,1.8,1,27.14,34,54,1455.93,False,False,False,False,0,21.1,2,2,False,18.0,0,0
19412,350.94,Groceries,Mastercard,OTP,Online,Android Phone,False,8.36,1,18.08,49,23,1176.83,True,False,False,False,0,0.0,14,2,False,50.4,0,0
14901,43.83,Fuel,Mastercard,PIN,Online,Windows PC,False,3.08,0,53.02,65,36,7788.66,False,False,False,False,0,0.0,16,6,False,42.9,0,0
11227,75.62,Online Retail,Visa,PIN,In-App,Windows PC,False,17.75,4,42.6,45,65,2956.58,False,False,False,False,0,24.9,18,1,True,43.0,2,0
19133,17.14,Streaming,Mastercard,OTP,In-App,Mac,False,2.16,6,0.85,55,19,1489.11,False,False,False,False,0,28.9,23,0,False,26.6,0,0
7921,22.45,Groceries,Visa,Biometric,POS,Windows PC,False,2.94,2,12.86,41,21,3401.99,False,False,False,False,0,22.5,8,6,False,30.2,0,0
7912,315.82,Online Retail,Mastercard,PIN,In-App,POS Terminal,False,11.47,3,6.99,58,22,234.1,False,False,False,False,0,13.6,15,2,False,3.0,0,0
2767,20.4,Healthcare,Visa,OTP,POS,iPhone,False,23.45,2,42.05,39,61,640.52,True,True,False,False,0,13.6,17,6,False,21.2,0,0
14866,11.99,Groceries,Visa,OTP,POS,Android Phone,False,1.97,2,48.55,40,48,1627.91,False,False,False,False,0,11.2,6,4,False,27.1,1,0
16507,503.69,Crypto Exchange,RuPay,OTP,Online,Android Phone,False,1.4,5,4.7,44,72,779.22,False,False,False,False,0,30.2,21,1,False,72.1,0,0
11689,197.65,Healthcare,Mastercard,PIN,POS,Windows PC,False,11.06,3,27.21,44,29,2974.08,False,False,False,False,0,19.5,5,1,False,35.9,0,0
4038,38.65,Online Retail,Mastercard,3D Secure,POS,Mac,False,3.43,2,6.19,32,48,5248.1,False,False,True,False,0,15.0,3,4,False,47.2,1,0
857,11.81,Online Retail,RuPay,Biometric,Online,Smart Watch,False,9.39,2,20.88,59,47,2322.93,False,False,True,False,0,13.1,8,5,False,22.1,1,0
16137,31.44,Fuel,Discover,3D Secure,Online,Android Phone,False,1.91,1,1.48,53,22,1042.96,False,False,False,False,1,0.0,16,6,False,25.0,0,0
8831,38.16,Utilities,Mastercard,Biometric,In-App,Smart Watch,False,0.89,5,4.52,49,61,9289.19,False,False,False,False,1,33.9,17,2,False,33.1,0,0
8804,19.8,Fuel,Amex,3D Secure,POS,POS Terminal,False,7.6,4,16.96,46,55,159.92,False,False,False,False,0,10.1,15,2,False,11.6,0,0
11839,81.22,Fuel,Visa,3D Secure,Online,POS Terminal,False,2.94,5,7.25,48,19,3134.38,False,True,False,False,0,16.3,4,5,False,21.0,0,0
3827,9.71,Restaurants,Mastercard,Biometric,POS,iPhone,False,1.86,3,27.73,48,56,190.6,False,False,False,False,0,22.3,23,6,False,34.2,1,0
18128,40.24,Fuel,Visa,3D Secure,Contactless,Windows PC,False,0.4,3,46.11,38,62,867.38,False,False,False,False,0,32.3,7,3,False,15.9,0,0
5996,69.79,Restaurants,Mastercard,OTP,POS,Android Phone,False,24.92,4,16.7,41,32,1382.36,False,False,False,False,0,20.3,0,5,False,28.1,0,0
504,6.32,Online Retail,Visa,3D Secure,In-App,Mac,False,26.32,3,16.77,51,75,673.61,False,False,True,False,0,14.7,13,1,False,17.7,0,0
2960,11.35,Groceries,Discover,OTP,Online,iPhone,False,3.63,1,49.55,42,64,2112.56,True,False,False,False,0,8.5,4,3,False,41.2,0,0
7989,457.57,Groceries,Visa,OTP,POS,POS Terminal,False,5.15,2,0.26,42,62,2470.11,True,False,False,False,0,16.8,7,3,False,46.3,1,0
9641,29.94,Groceries,Amex,OTP,Online,POS Terminal,False,0.83,6,9.08,36,65,5847.51,False,False,False,True,0,32.7,3,1,False,9.1,0,0
8110,93.99,Groceries,Amex,OTP,POS,iPhone,False,8.07,4,0.29,47,33,1796.32,True,False,False,False,1,5.7,12,3,False,31.1,0,0
5383,73.44,Groceries,Visa,OTP,In-App,iPhone,False,0.13,4,7.17,43,39,3423.43,False,False,False,False,1,42.8,11,0,False,6.6,1,0
13952,24.73,Groceries,Mastercard,No Authentication,In-App,POS Terminal,False,0.04,1,9.33,66,79,2404.5,False,True,False,False,1,22.2,0,5,False,25.3,1,0
13139,147.95,Gift Cards,Mastercard,PIN,ATM,iPhone,False,23.53,3,18.27,47,31,2015.44,False,False,False,False,0,7.0,22,2,False,66.4,0,0
17988,2485.32,Travel,Discover,No Authentication,Online,iPhone,False,13.07,4,21.23,53,70,2519.26,True,True,False,False,1,18.3,4,5,False,55.9,2,1
13436,41.87,Streaming,Visa,OTP,In-App,POS Terminal,False,19.74,5,30.02,46,67,7696.48,False,False,False,False,2,32.1,23,4,False,53.0,0,0
7726,438.67,Travel,Visa,No Authentication,Online,POS Terminal,False,2.41,3,86.93,46,46,2212.37,False,False,False,False,1,20.5,3,5,False,21.6,0,0
12034,63.04,Streaming,Amex,PIN,Online,Tablet,False,7.67,3,8.18,50,18,2481.48,True,False,False,False,0,21.4,9,2,False,36.3,1,0
8130,10.57,Restaurants,Visa,Biometric,POS,Android Phone,False,8.67,3,26.6,36,36,2156.33,False,False,False,False,0,4.0,18,5,False,40.8,0,0
12788,25.4,Online Retail,Mastercard,PIN,POS,Mac,False,2.09,2,1.75,51,30,614.77,True,False,False,False,1,14.3,17,6,False,25.9,0,0
8293,211.36,Travel,Mastercard,PIN,Online,Tablet,False,30.73,2,23.69,42,63,490.98,False,False,False,False,1,12.4,19,6,False,37.0,0,0
18322,33.35,Utilities,Visa,PIN,Online,Tablet,False,1.99,6,16.91,37,66,1417.53,True,True,False,False,0,48.4,9,2,False,31.0,0,0
13061,48.11,Utilities,Visa,Biometric,ATM,Windows PC,False,15.45,2,28.38,44,67,385.88,False,False,False,False,0,0.0,4,3,False,37.0,0,0
3296,65.37,Online Retail,Mastercard,PIN,POS,Android Phone,False,1.54,3,14.73,57,31,328.58,False,False,False,False,0,30.2,1,3,False,24.3,0,0
8958,142.9,Groceries,RuPay,PIN,Contactless,Android Phone,False,51.18,2,5.12,64,53,1642.53,False,False,False,False,0,7.9,14,1,False,23.8,0,0
116,8.42,Gaming,Visa,No Authentication,POS,Windows PC,False,3.61,6,29.24,47,34,4895.52,False,False,False,False,0,29.2,18,5,False,52.4,0,0
5648,6.99,Utilities,RuPay,OTP,Online,Android Phone,False,1.51,3,1.53,49,79,5046.96,False,False,False,False,1,46.8,22,5,False,13.9,1,0
12625,473.04,Electronics,Discover,3D Secure,Contactless,POS Terminal,False,0.94,5,22.03,30,27,2543.82,True,False,False,False,0,42.3,12,1,False,45.4,1,0
14748,58.35,Groceries,Visa,OTP,Online,Windows PC,False,0.62,2,64.45,54,38,1368.24,False,False,True,False,0,7.4,14,3,False,47.6,1,0
7182,45.55,Online Retail,Amex,OTP,In-App,Mac,False,2.62,4,28.01,53,81,5453.64,False,False,False,False,0,27.0,16,6,False,46.1,0,0
1711,42.65,Electronics,Visa,Biometric,Contactless,Smart Watch,False,0.7,6,3.05,45,55,7148.84,True,False,False,False,0,36.3,4,6,False,77.9,0,0
15958,324.31,Fuel,RuPay,OTP,POS,Smart Watch,False,8.57,4,21.91,46,50,435.51,False,False,False,False,0,17.2,4,0,False,66.5,0,0
5818,234.99,Healthcare,Visa,3D Secure,Online,POS Terminal,False,8.84,6,15.04,46,30,489.9,False,False,False,False,0,17.2,17,4,False,41.2,0,0
15279,272.42,Restaurants,Visa,PIN,ATM,Android Phone,False,13.35,2,3.34,60,63,478.23,False,False,False,False,0,10.9,6,5,False,30.4,0,0
2481,76.57,Crypto Exchange,Mastercard,3D Secure,POS,iPhone,False,14.95,2,23.93,34,69,723.74,False,False,False,False,0,18.4,21,3,False,67.6,0,0
10251,346.76,Gaming,Discover,3D Secure,ATM,POS Terminal,False,2.56,3,8.47,46,55,1299.71,False,False,False,False,0,26.2,23,6,False,65.6,0,0
4033,112.44,Gift Cards,Mastercard,PIN,ATM,Windows PC,False,4.65,4,6.07,39,53,2662.71,False,False,False,False,1,32.1,1,4,False,57.2,0,0
13348,10.58,Utilities,Amex,No Authentication,In-App,iPhone,False,6.3,3,9.24,53,39,608.62,False,True,True,False,0,25.7,9,5,False,22.4,0,0
16531,19.64,Fuel,Visa,Biometric,In-App,Windows PC,False,46.59,2,8.55,52,47,1441.32,False,False,False,False,0,20.9,16,3,False,33.0,0,0
9515,28.17,Gaming,Visa,PIN,Online,Windows PC,False,26.83,1,58.92,51,67,1007.4,True,False,False,False,0,10.2,11,0,False,56.9,0,0
4611,116.02,Electronics,Mastercard,PIN,Online,Windows PC,True,4.19,2,7.8,51,35,2637.12,False,False,False,False,0,21.5,8,1,False,65.1,1,0
5118,3.79,Restaurants,Discover,PIN,Contactless,Windows PC,False,3.12,3,47.01,61,67,1234.96,True,False,False,False,0,25.7,10,0,False,25.1,0,0
16947,80.47,Utilities,Visa,PIN,Online,Tablet,False,6.93,3,29.79,50,54,444.89,False,False,False,False,0,23.5,21,1,False,37.2,0,0
6386,177.41,Electronics,Visa,PIN,Online,Tablet,False,5.8,2,1.81,54,33,3206.48,False,True,False,False,0,16.0,14,6,False,59.6,1,0
15140,13.69,Groceries,Visa,PIN,Online,Smart Watch,False,24.43,1,4.93,46,50,3658.0,False,False,False,False,0,4.3,8,0,False,26.1,0,0
6272,17.89,Online Retail,Visa,PIN,In-App,ATM Machine,False,1.69,1,65.29,47,50,761.13,False,False,False,False,0,7.3,16,3,False,23.2,0,0
342,149.98,Online Retail,RuPay,PIN,In-App,Android Phone,False,3.86,4,3.86,46,62,512.38,False,False,False,False,0,37.1,5,4,False,37.0,0,0
829,343.8,Travel,RuPay,PIN,Online,ATM Machine,False,0.51,3,20.86,60,52,6364.8,False,False,False,False,0,30.5,3,5,False,23.6,0,0
12530,127.31,Restaurants,Mastercard,3D Secure,Online,Android Phone,False,0.6,5,48.86,49,35,14522.94,True,False,False,False,0,40.0,23,1,False,27.0,0,0
11552,16.7,Groceries,RuPay,PIN,In-App,Android Phone,False,0.13,1,24.28,36,20,4248.0,False,False,False,False,0,38.0,7,4,False,31.1,0,0
9528,1076.41,Groceries,Mastercard,PIN,Contactless,Android Phone,False,27.05,5,40.6,50,56,8904.34,False,False,True,False,0,31.4,6,5,False,39.0,0,0
11837,93.61,Healthcare,Mastercard,OTP,Online,Android Phone,False,3.72,3,12.68,62,59,1367.97,True,False,False,False,0,20.6,17,4,False,38.4,1,0
314,329.03,Crypto Exchange,RuPay,OTP,In-App,Mac,False,2.56,8,6.71,50,53,728.85,True,False,True,False,1,40.7,21,3,False,63.6,0,0
11698,36.37,Online Retail,Amex,3D Secure,Contactless,Android Phone,False,0.5,6,10.14,52,18,1908.25,False,False,False,False,0,49.4,0,2,False,29.4,0,0
10052,334.72,Groceries,Amex,OTP,ATM,iPhone,False,20.7,4,6.79,44,50,659.33,True,False,False,False,0,31.1,6,6,False,11.2,0,0
12864,230.9,Electronics,Visa,3D Secure,Online,Windows PC,False,4.72,1,15.0,59,53,387.78,False,True,False,False,1,4.8,14,5,False,57.4,0,0
16071,17.24,Restaurants,Visa,3D Secure,Online,Windows PC,True,6.32,0,2.23,60,32,4093.1,False,False,False,False,0,0.0,19,1,False,38.4,0,0
17137,151.35,Electronics,RuPay,3D Secure,POS,Android Phone,False,34.26,4,11.25,62,79,757.83,False,False,False,False,0,14.3,20,4,False,46.2,0,0
18262,17.71,Utilities,Amex,Biometric,In-App,ATM Machine,False,3.58,5,2.82,49,29,1971.94,False,False,False,False,0,20.9,0,2,False,14.0,1,0
4910,28.66,Restaurants,Mastercard,OTP,ATM,Windows PC,False,1.47,7,15.41,50,80,4382.69,False,False,False,False,0,48.2,16,5,False,46.1,0,0
17797,149.18,Online Retail,Visa,3D Secure,Contactless,POS Terminal,False,22.57,2,24.88,39,54,4862.7,False,False,False,False,0,7.0,21,6,False,45.9,0,0
8874,52.84,Healthcare,Amex,No Authentication,Contactless,Windows PC,False,1.12,1,82.3,61,51,1763.45,False,False,False,False,1,10.2,0,1,False,32.6,0,0
18286,28.2,Gaming,Amex,No Authentication,In-App,iPhone,False,0.64,7,75.1,49,71,3308.3,False,False,False,False,0,43.7,5,1,False,45.9,0,0
410,10.46,Streaming,Mastercard,3D Secure,In-App,Tablet,False,1.27,6,11.27,41,58,4276.7,True,True,False,False,0,32.8,18,3,False,19.2,1,0
3796,21.21,Electronics,Mastercard,3D Secure,Contactless,Android Phone,False,3.77,3,40.31,45,67,1013.3,True,False,False,False,0,5.3,9,3,False,46.9,0,0
2704,52.66,Groceries,Mastercard,PIN,ATM,Windows PC,False,0.86,2,16.18,51,80,3713.43,True,True,False,False,0,24.4,23,6,False,10.5,0,0
10343,14.68,Online Retail,RuPay,OTP,Online,iPhone,False,9.83,4,16.71,59,76,530.32,True,False,False,False,0,23.0,21,3,False,35.3,0,0
4982,27.83,Online Retail,RuPay,OTP,Contactless,iPhone,False,3.65,3,74.75,55,21,1014.36,True,False,False,False,0,20.4,23,4,False,37.2,0,0
8583,38.15,Online Retail,Mastercard,Biometric,Online,Android Phone,False,5.41,0,29.09,32,62,5505.17,False,False,False,False,0,11.5,4,1,False,17.1,0,0
7668,621.13,Electronics,Mastercard,3D Secure,Online,Tablet,False,1.45,3,39.88,55,41,788.24,False,False,False,False,1,27.8,15,1,False,38.0,0,0
17518,268.68,Fuel,Mastercard,OTP,Online,Smart Watch,False,14.63,3,9.35,45,36,2410.72,True,False,False,False,0,8.6,23,2,False,16.5,1,0
17184,84.05,Electronics,Amex,No Authentication,POS,iPhone,True,15.96,6,6.09,52,27,6089.27,False,False,False,False,0,30.2,16,5,False,57.9,0,0
9726,194.32,Gift Cards,Visa,3D Secure,Online,POS Terminal,False,8.86,2,2.59,40,69,16381.83,True,False,False,False,1,0.0,23,6,False,63.9,0,0
18154,36.16,Utilities,Mastercard,Biometric,POS,Android Phone,False,8.64,3,2.03,55,35,17331.67,False,False,False,False,0,24.4,15,5,False,30.2,1,0
7500,228.58,Electronics,Visa,PIN,Contactless,POS Terminal,False,3.92,4,7.86,41,68,1089.84,True,False,False,False,0,26.8,0,4,False,63.1,0,1
17037,211.0,Online Retail,Amex,OTP,Online,Windows PC,False,35.28,2,9.64,44,56,3369.36,False,False,False,False,0,12.7,3,3,False,49.1,0,0
7721,39.25,Fuel,Mastercard,No Authentication,Contactless,Android Phone,False,3.54,4,66.44,45,60,775.27,False,False,False,False,0,18.2,16,6,False,13.7,0,0
1906,182.9,Gaming,Mastercard,OTP,In-App,POS Terminal,False,8.26,2,7.08,43,80,1872.7,False,False,False,False,1,3.7,13,1,False,53.8,2,0
6718,366.88,Travel,Visa,Biometric,In-App,POS Terminal,False,24.32,3,47.92,39,78,2255.46,False,False,False,False,0,13.5,8,4,False,45.8,0,0
2175,14.21,Gift Cards,Visa,OTP,ATM,Android Phone,False,4.08,2,5.12,60,49,2777.21,False,True,False,False,0,17.6,15,5,False,63.0,1,0
6770,124.9,Gaming,Mastercard,OTP,Online,Tablet,True,7.17,3,15.61,37,35,2272.14,False,False,False,False,0,25.4,9,0,False,55.4,0,0
7162,51.88,Restaurants,Mastercard,Biometric,POS,Android Phone,True,1.25,3,12.29,45,43,1570.56,False,False,False,False,0,3.7,7,5,False,32.0,0,0
6505,184.7,Utilities,Visa,No Authentication,Contactless,Smart Watch,False,4.36,1,29.05,48,66,1587.56,True,False,False,False,0,13.9,22,4,False,51.7,0,0
18766,12.18,Streaming,Visa,PIN,POS,Windows PC,True,6.87,2,35.18,48,73,15057.73,True,True,False,False,0,14.6,10,1,False,46.1,2,1
4421,273.81,Electronics,Mastercard,3D Secure,POS,Android Phone,False,0.16,6,13.29,46,44,774.07,True,False,False,False,0,57.2,14,4,False,47.4,0,0
1273,106.08,Online Retail,Visa,OTP,Online,POS Terminal,False,7.79,8,13.7,44,30,1448.33,False,False,False,False,0,60.5,3,3,False,40.0,0,0
452,74.1,Restaurants,Visa,PIN,Contactless,POS Terminal,False,0.88,1,12.1,50,59,3286.11,False,False,False,False,1,15.3,19,2,False,46.3,0,0
3520,72.67,Travel,Visa,OTP,In-App,Android Phone,False,11.7,5,32.69,57,45,547.87,True,False,False,False,0,24.3,14,5,True,26.1,0,0
17478,926.58,Travel,Discover,Biometric,Online,Windows PC,False,1.73,3,2.71,44,40,2371.58,True,False,False,False,1,30.5,5,1,False,26.8,0,1
9568,16.85,Online Retail,Mastercard,PIN,POS,Windows PC,False,8.26,4,30.72,42,49,7082.64,False,False,False,False,1,28.8,16,4,False,59.0,1,0
248,144.23,Groceries,Visa,3D Secure,Online,iPhone,False,13.16,2,0.39,40,33,1827.59,False,False,False,False,0,5.3,19,6,False,55.9,0,0
17816,24.31,Groceries,Mastercard,Biometric,Contactless,iPhone,False,4.19,3,43.48,49,52,2106.35,False,False,False,False,0,35.8,22,3,False,48.6,0,0
1748,16.32,Groceries,Mastercard,OTP,POS,POS Terminal,False,15.78,4,63.93,41,25,222.83,False,False,False,False,0,14.9,14,6,False,7.5,1,0
